ID,City,Lat,Lng,Max Temp,Humidity,Cloudiness,Wind Speed,Country,Date
4032243,Vaini,-21.2,-175.2,24.09,100,20,4.12,TO,1660027970
2071860,Esperance,-33.8667,121.9,11.93,68,100,8.49,AU,1660027971
4013679,Coahuayana Viejo,18.7333,-103.6833,25.58,87,100,1.21,MX,1660027973
1497337,Noril'sk,69.3535,88.2027,17.46,88,100,2.4,RU,1660027974
4030556,Rikitea,-23.1203,-134.9692,23.15,80,99,8.72,PF,1660027976
5106841,Albany,42.6001,-73.9662,25.13,86,31,2.39,US,1660027977
3833367,Ushuaia,-54.8,-68.3,3.81,70,75,2.06,AR,1660027978
1609345,Kuchinarai,16.541,104.05,25.04,89,100,1.62,TH,1660027980
5354943,Half Moon Bay,37.4636,-122.4286,18.28,85,100,8.75,US,1660027981
6165406,Thompson,55.7435,-97.8558,14.09,100,75,2.57,CA,1660027983
3448903,São João da Barra,-21.6403,-41.0511,19.71,93,15,3.33,BR,1660027985
582447,Almaznyy,48.0448,40.045,30.94,21,0,4.63,RU,1660027986
3347853,Longonjo,-12.9067,15.2533,18.94,22,3,1.6,AO,1660027988
3366880,Hermanus,-34.4187,19.2345,12.67,75,63,0.75,ZA,1660027989
5866583,Saint Paul Harbor,57.79,-152.4072,11.3,82,100,1.31,US,1660027992
5850554,Makakilo City,21.3469,-158.0858,25.87,70,0,3.6,US,1660027993
1006984,East London,-33.0153,27.9116,15.52,82,0,2.57,ZA,1660027995
1011632,De Aar,-30.6497,24.0123,11.48,61,0,1.76,ZA,1660027997
3471451,Arraial do Cabo,-22.9661,-42.0278,21.92,88,0,3.6,BR,1660027820
933995,Souillac,-20.5167,57.5167,24.21,69,40,6.17,MU,1660027999
2012593,Zeya,53.75,127.2667,14.62,93,100,1.38,RU,1660028001
935215,Saint-Philippe,-21.3585,55.7679,23.77,78,30,5.17,RE,1660028004
5848280,Kapaa,22.0752,-159.319,25.06,80,52,1.34,US,1660028005
2112802,Hasaki,35.7333,140.8333,35.16,79,100,11.61,JP,1660028006
4034551,Faanui,-16.4833,-151.75,24.8,65,100,6.45,PF,1660028008
2136825,Isangel,-19.55,169.2667,25.06,83,75,2.57,VU,1660028009
3115824,Muros,42.7762,-9.0603,19.91,83,0,1.64,ES,1660028011
4020109,Atuona,-9.8,-139.0333,25.24,70,32,7.54,PF,1660028012
2450173,Taoudenni,22.6783,-3.9836,37.27,12,0,8.54,ML,1660028013
1821274,Macao,22.2006,113.5461,27.7,94,40,11.32,MO,1660028015
779554,Honningsvåg,70.9821,25.9704,11.86,76,100,6.17,NO,1660028016
1263230,Medak,18.0333,78.2667,22.57,94,100,7.89,IN,1660028018
1785738,Yuncheng,35.0231,110.9928,29.27,73,100,5.28,CN,1660028019
3985710,Cabo San Lucas,22.8909,-109.9124,29.17,82,100,1.88,MX,1660027839
72181,Marzuq,14.4,46.4667,28.58,51,15,3.21,YE,1660028022
2332453,Lagos,6.5833,3.75,24.18,83,100,2.2,NG,1660027666
696966,Pidhaytsi,49.2685,25.1334,16.12,79,100,4.19,UA,1660028024
3424607,Tasiilaq,65.6145,-37.6368,3.11,94,99,2.4,GL,1660028027
5335650,Ceres,37.5949,-120.9577,24.33,55,0,4.63,US,1660027770
6201424,Mataura,-46.1927,168.8643,3.04,80,0,2.42,NZ,1660028029
3372707,Ribeira Grande,38.5167,-28.7,22.22,88,20,3.09,PT,1660028031
964432,Port Alfred,-33.5906,26.891,14.54,99,38,5.29,ZA,1660028032
6170031,Tuktoyaktuk,69.4541,-133.0374,11.57,75,85,6.53,CA,1660028033
2155415,New Norfolk,-42.7826,147.0587,11.51,76,29,0.91,AU,1660028035
3168633,Salò,45.6086,10.531,26.33,62,0,1.22,IT,1660028036
3860443,Comodoro Rivadavia,-45.8667,-67.5,7.92,49,0,4.12,AR,1660027755
3902377,La Santisima Trinidad,-14.8333,-64.9,19.15,93,100,3.8,BO,1660028039
6167817,Torbay,47.6666,-52.7314,14.76,90,100,4.02,CA,1660028040
4031637,Lavrentiya,65.5833,-171.0,6.54,77,45,2.25,RU,1660028041
3893726,Constitución,-35.3333,-72.4167,7.52,85,98,2.96,CL,1660028043
2122614,Okha,53.5739,142.9478,17.01,86,39,2.85,RU,1660027653
1562414,Vung Tau,10.346,107.0843,25.16,83,100,8.34,VN,1660028047
2206939,Bluff,-46.6,168.3333,3.22,71,1,5.82,NZ,1660028048
3418910,Upernavik,72.7868,-56.1549,5.61,88,100,3.77,GL,1660028050
712682,Bekhtery,46.251,32.2927,31.15,26,0,7.41,UA,1660028051
2037355,Fushun,41.8558,123.9233,27.84,62,0,4.4,CN,1660028053
6940394,Kitamoto,36.036,139.541,36.71,37,100,4.54,JP,1660028055
1735106,George Town,5.4112,100.3354,31.97,66,20,4.12,MY,1660028058
2126199,Cherskiy,68.75,161.3,23.53,43,19,6.82,RU,1660028061
5274887,Suamico,44.6319,-88.0393,14.54,93,0,0.45,US,1660028063
509820,Petrozavodsk,61.7849,34.3469,17.7,63,0,2.0,RU,1660028064
1067565,Beloha,-25.1667,45.05,24.7,35,0,5.28,MG,1660028065
2264557,Ponta do Sol,32.6667,-17.1,20.95,79,7,1.58,PT,1660028067
2137773,Vao,-22.6667,167.4833,20.19,56,0,6.83,NC,1660028068
2729907,Longyearbyen,78.2186,15.6401,7.91,87,75,4.63,SJ,1660028069
2075265,Busselton,-33.65,115.3333,10.89,75,80,8.26,AU,1660028071
1258269,Rāzole,16.4833,81.8333,29.63,67,100,5.81,IN,1660028072
6185377,Yellowknife,62.456,-114.3525,12.29,94,20,2.57,CA,1660028074
1650527,Balikpapan,-1.2675,116.8289,30.55,70,20,2.57,ID,1660027811
172515,Abu Samrah,35.3029,37.1841,27.7,41,0,4.62,SY,1660028076
3874787,Punta Arenas,-53.15,-70.9167,2.06,93,100,4.12,CL,1660028078
2641434,Northam,51.0333,-4.2167,18.14,95,17,1.84,GB,1660028079
50814,Wajid,3.8093,43.2471,26.95,47,99,9.75,SO,1660028080
2127202,Anadyr,64.75,177.4833,10.28,57,0,5.0,RU,1660028082
1735799,Sri Aman,1.2376,111.4621,34.03,59,20,1.03,MY,1660028083
1819729,Hong Kong,22.2855,114.1577,27.03,92,100,4.02,HK,1660027986
2163355,Hobart,-42.8794,147.3294,11.7,68,20,2.57,AU,1660027950
2126123,Chokurdakh,70.6333,147.9167,16.55,74,98,4.68,RU,1660028087
2126710,Beringovskiy,63.05,179.3167,8.2,63,0,1.97,RU,1660028088
1071296,Antalaha,-14.9003,50.2788,24.5,62,51,6.01,MG,1660028089
5637146,Anaconda,46.1285,-112.9423,15.44,29,0,2.2,US,1660028091
3421765,Nanortalik,60.1432,-45.2371,5.25,89,100,2.04,GL,1660028092
1634614,Nabire,-3.3667,135.4833,26.2,87,100,0.37,ID,1660028094
3394605,Monte Alegre,-2.0078,-54.0692,23.71,76,100,2.32,BR,1660028095
1640902,Kawalu,-7.3817,108.2082,27.4,68,62,2.93,ID,1660028096
3831208,Qaanaaq,77.484,-69.3632,0.1,61,0,1.75,GL,1660028098
2074865,Carnarvon,-24.8667,113.6333,19.34,50,18,10.53,AU,1660028099
2027316,Ayan,56.45,138.1667,12.62,97,100,7.63,RU,1660028102
4036284,Alofi,-19.0595,-169.9187,22.94,83,10,2.57,NU,1660028103
3581194,San Ignacio,17.1561,-89.0714,24.08,94,0,0.0,BZ,1660028104
3461370,Imbituba,-28.24,-48.6703,16.59,99,100,2.8,BR,1660028106
1015776,Bredasdorp,-34.5322,20.0403,14.15,78,13,1.07,ZA,1660028107
2015306,Tiksi,71.6872,128.8694,14.24,57,80,5.69,RU,1660028109
3933986,Orcopampa,-15.2661,-72.3417,4.33,62,3,0.86,PE,1660028110
4031574,Provideniya,64.3833,-173.3,9.14,68,10,3.0,RU,1660028113
4035715,Avarua,-21.2078,-159.775,23.03,68,40,4.12,CK,1660028114
3883457,Lebu,-37.6167,-73.65,7.13,77,100,3.33,CL,1660028116
2120591,Tilichiki,60.4667,166.1,14.97,85,37,3.56,RU,1660028117
1722803,Buluang,13.3068,123.3425,29.39,71,95,1.96,PH,1660028118
5122534,Jamestown,42.097,-79.2353,23.34,71,100,5.14,US,1660028120
3398480,Gurupá,-1.405,-51.64,22.09,96,31,1.46,BR,1660028121
1714733,Dingle,10.9995,122.6711,28.81,75,77,1.53,PH,1660028122
53372,Oodweyne,9.4092,45.064,24.88,46,100,12.51,SO,1660028124
2110227,Butaritari,3.0707,172.7902,27.93,78,70,7.64,KI,1660028125
934322,Mahébourg,-20.4081,57.7,24.16,69,40,6.17,MU,1660028128
1180729,Dalbandin,28.8947,64.4101,38.58,20,97,4.04,PK,1660028129
1722028,Cabadiangan,9.7531,122.4739,29.03,73,41,3.11,PH,1660028132
110690,Faya,18.3851,42.4509,22.06,49,98,1.58,SA,1660028133
3395458,Maragogi,-9.0122,-35.2225,22.58,78,16,2.91,BR,1660027857
1507390,Dikson,73.5069,80.5464,5.56,96,87,9.6,RU,1660028136
3132644,Varhaug,58.6147,5.6457,15.75,81,99,3.07,NO,1660028137
2128975,Nemuro,43.3236,145.575,20.19,90,100,5.83,JP,1660028139
4726521,San Patricio,28.017,-97.5169,29.38,75,11,3.08,US,1660028140
2121025,Srednekolymsk,67.45,153.6833,28.21,38,100,2.35,RU,1660028141
2208248,Kaitangata,-46.2817,169.8464,3.29,79,6,4.22,NZ,1660028143
2063030,Port Pirie,-33.1833,138.0167,16.41,40,99,1.33,AU,1660028146
3385670,Urucará,-2.5364,-57.76,22.73,86,92,1.2,BR,1660028147
5983720,Iqaluit,63.7506,-68.5145,8.85,76,20,3.6,CA,1660028149
5557293,Sitka,57.0531,-135.33,11.26,92,11,1.32,US,1660028150
6089245,Norman Wells,65.282,-126.8329,17.02,51,75,3.09,CA,1660028152
2191562,Dunedin,-45.8742,170.5036,5.45,65,59,1.79,NZ,1660028091
1649150,Bengkulu,-3.8004,102.2655,28.52,75,61,4.6,ID,1660028154
5418104,Cortez,37.3489,-108.5859,17.74,76,38,2.63,US,1660028156
962367,Richards Bay,-28.783,32.0377,20.22,75,71,4.86,ZA,1660028157
779622,Havøysund,70.9963,24.6622,12.13,68,100,5.19,NO,1660028160
1805833,Jiexiu,37.0244,111.9125,21.54,92,100,4.32,CN,1660028161
1489962,Tavda,58.0425,65.2726,26.87,46,8,1.94,RU,1660028163
2527087,Tiznit Province,29.5833,-9.5,17.43,85,41,1.03,MA,1660028164
5970873,Hare Bay,48.8499,-54.0148,11.64,81,100,1.85,CA,1660028166
1525798,Balkhash,46.844,74.9804,27.34,47,20,5.0,KZ,1660028167
3397967,Itaituba,-4.2761,-55.9836,22.86,80,29,0.63,BR,1660028169
2021618,Krasnokamensk,50.0979,118.0369,22.64,33,9,10.48,RU,1660028170
5699404,Scottsbluff,41.8666,-103.6672,23.77,60,0,2.97,US,1660028172
2158767,Mareeba,-17.0,145.4333,21.91,67,12,3.32,AU,1660028173
5711149,Altamont,42.2068,-121.7372,14.97,65,84,1.51,US,1660028175
934649,Cap Malheureux,-19.9842,57.6142,24.15,63,0,3.58,MU,1660028177
3412093,Vestmannaeyjar,63.4427,-20.2734,12.13,98,100,10.28,IS,1660028179
778707,Mehamn,71.0357,27.8492,13.97,62,0,5.14,NO,1660028180
1282256,Hithadhoo,-0.6,73.0833,27.64,66,100,0.47,MV,1660028182
3421982,Maniitsoq,65.4167,-52.9,4.68,94,100,2.68,GL,1660028183
1797535,Qiongshan,20.0058,110.3542,28.99,74,20,6.0,CN,1660028184
2171099,Codrington,-38.2667,141.9667,12.22,67,25,3.02,AU,1660028186
213940,Kasongo,-4.45,26.6667,29.64,25,2,1.38,CD,1660028187
5855927,Hilo,19.7297,-155.09,26.82,89,75,0.89,US,1660027943
4790207,Tuckahoe,37.5901,-77.5564,26.71,83,58,2.68,US,1660028193
2173911,Broken Hill,-31.95,141.4333,15.46,34,1,3.19,AU,1660028152
4004293,Ixtapa,20.7,-105.2,26.24,84,100,1.54,MX,1660028196
5870133,Nome,64.5011,-165.4064,9.53,85,100,3.41,US,1660028081
1253132,Vīrarājendrapet,12.2,75.8,21.57,85,88,4.41,IN,1660028198
2315417,Inongo,-1.95,18.2667,23.06,60,5,0.84,CD,1660028200
935214,Saint-Pierre,-21.3393,55.4781,24.39,66,75,9.77,RE,1660028201
1853483,Oyama,36.3,139.8,35.88,39,100,3.73,JP,1660028203
2147714,Sydney,-33.8679,151.2073,14.38,72,40,10.29,AU,1660028196
2944354,Bremervörde,53.4833,9.1333,16.82,65,11,2.33,DE,1660028205
2023943,Gorin,51.1983,136.6669,23.63,45,100,4.15,RU,1660028207
2236967,Soyo,-6.1349,12.3689,21.45,83,21,2.17,AO,1660028208
216404,Gbadolite,4.2833,21.0167,24.9,85,17,0.2,CD,1660028211
5880054,Barrow,71.2906,-156.7887,2.8,89,100,3.16,US,1660028212
3899695,Ancud,-41.8697,-73.8203,7.35,86,100,1.78,CL,1660028213
3175096,Laas,46.6166,10.7002,18.72,52,0,0.99,IT,1660028215
3691582,Talara,-4.5772,-81.2719,17.31,84,33,5.75,PE,1660028216
5478673,Meadow Lake,34.8014,-106.5436,23.51,56,80,2.4,US,1660028217
4671141,Aransas Pass,27.9095,-97.15,29.45,83,0,3.6,US,1660028219
300796,Miepherkeim,38.1419,41.0081,31.16,20,0,2.45,TR,1660028220
3374210,São Filipe,14.8961,-24.4956,25.73,81,97,1.95,CV,1660028221
1106677,Bambous Virieux,-20.3428,57.7575,24.14,69,40,6.17,MU,1660028109
3369157,Cape Town,-33.9258,18.4232,15.21,86,15,1.03,ZA,1660028082
5373121,Mill Valley,37.906,-122.545,18.14,88,4,1.79,US,1660028226
729909,Krivodol,43.3744,23.4844,27.15,41,30,1.53,BG,1660028228
2212775,Sabha,27.0377,14.4283,30.8,21,0,5.59,LY,1660028229
3146487,Raudeberg,61.9875,5.1352,13.86,60,100,8.36,NO,1660028232
1640972,Katobu,-4.9408,122.5276,29.99,57,53,3.96,ID,1660028233
921786,Mitsamiouli,-11.3847,43.2844,26.16,61,40,2.57,KM,1660028234
3372745,Rabo de Peixe,37.8,-25.5833,19.73,94,40,0.51,PT,1660028236
3131824,Vigrestad,58.5667,5.7,16.09,81,99,3.46,NO,1660028237
535839,Leshukonskoye,64.8989,45.7622,17.42,52,87,1.73,RU,1660028239
3377301,Mabaruma,8.2,-59.7833,22.68,96,95,0.98,GY,1660028240
2023324,Kadaya,50.9327,119.2911,21.89,34,12,8.91,RU,1660028241
5969025,Haines Junction,60.7522,-137.5108,8.97,76,100,0.51,CA,1660028243
3359638,Walvis Bay,-22.9575,14.5053,10.61,100,100,2.06,NA,1660028244
57000,Hobyo,5.3505,48.5268,28.3,60,32,10.79,SO,1660028246
2278158,Buchanan,5.8808,-10.0467,23.98,86,100,3.62,LR,1660028247
2381334,Atar,20.5169,-13.0499,29.13,51,2,2.54,MR,1660028248
3652764,Puerto Ayora,-0.7393,-90.3518,20.86,87,95,3.13,EC,1660028250
2172880,Byron Bay,-28.65,153.6167,16.08,66,0,5.48,AU,1660028246
6355222,Yulara,-25.2406,130.9889,27.08,22,7,8.01,AU,1660028193
1529484,Kumul,42.8,93.45,39.02,11,0,2.33,CN,1660028253
2012349,Krasnyy Chikoy,50.3643,108.7512,24.71,29,12,4.48,RU,1660028255
1505991,Igarka,67.4667,86.5833,27.39,45,11,5.47,RU,1660028256
2018735,Nyurba,63.2842,118.3319,20.89,57,100,3.48,RU,1660028258
2122389,Ossora,59.2353,163.0719,16.38,82,17,3.2,RU,1660028259
2088659,Panguna,-6.3164,155.4848,22.94,88,100,0.93,PG,1660028260
5274867,Sturgeon Bay,44.8342,-87.377,14.22,75,0,3.34,US,1660028262
3571913,Marsh Harbour,26.5412,-77.0636,28.46,77,15,5.74,BS,1660028263
6533368,Moranbah,-22.0016,148.0466,19.07,33,0,6.27,AU,1660028265
4696233,Harlingen,26.1906,-97.6961,28.27,96,7,2.89,US,1660028101
64814,Bandarbeyla,9.4942,50.8122,30.45,47,99,13.3,SO,1660028267
5282297,Bethel,41.3712,-73.414,26.68,85,59,3.17,US,1660028269
2094342,Kavieng,-2.5744,150.7967,28.12,73,100,3.97,PG,1660028270
964420,Port Elizabeth,-33.918,25.5701,16.16,90,0,3.6,ZA,1660028271
981158,Lydenburg,-25.0978,30.4597,13.55,43,0,1.71,ZA,1660028273
4034496,Fare,-16.7,-151.0167,24.56,64,100,6.06,PF,1660028274
1852357,Shimoda,34.6667,138.95,32.28,81,100,6.8,JP,1660028275
3355672,Lüderitz,-26.6481,15.1594,13.74,71,5,2.83,NA,1660028277
3430863,Mar del Plata,-38.0023,-57.5575,9.37,87,100,1.79,AR,1660028278
546105,Nikolskoye,59.7035,30.7861,19.37,68,46,0.84,RU,1660028279
1259385,Port Blair,11.6667,92.75,30.02,74,75,7.72,IN,1660028281
3397763,Jacareacanga,-6.2222,-57.7528,23.73,75,97,0.43,BR,1660028284
5919850,Chapais,49.7834,-74.8492,9.88,95,7,1.58,CA,1660028285
5924351,Clyde River,70.4692,-68.5914,5.13,81,100,9.77,CA,1660028288
3393692,Itarema,-2.9248,-39.9167,23.83,88,4,5.38,BR,1660028120
3440379,Sauce,-34.6469,-56.0628,10.79,79,93,2.74,UY,1660028292
3653967,Muisne,0.6,-80.0333,23.32,89,100,3.18,EC,1660028293
638936,Rovaniemi,66.5,25.7167,15.67,63,0,6.17,FI,1660028296
2522325,Agüimes,27.9054,-15.4461,20.35,78,75,11.32,ES,1660028298
60019,Eyl,7.9803,49.8164,29.88,47,100,12.73,SO,1660028299
5972291,Havre-St-Pierre,50.2334,-63.5986,11.2,93,100,1.54,CA,1660028301
2219235,Ubari,26.5921,12.7805,30.59,19,0,6.71,LY,1660028302
3443061,Chui,-33.6971,-53.4616,8.62,88,7,3.47,UY,1660028303
2449893,Tessalit,20.1986,1.0114,31.88,43,96,8.22,ML,1660028305
1529376,Korla,41.7597,86.1469,36.76,17,16,2.07,CN,1660028306
4231997,Avera,33.194,-82.5271,23.73,80,7,2.17,US,1660028308
1490256,Talnakh,69.4865,88.3972,17.34,90,100,2.32,RU,1660028309
1254046,Tura,25.5198,90.2201,30.78,64,59,3.08,IN,1660028311
3974771,Praxédis Guerrero,31.3667,-106.0167,24.8,44,87,1.71,MX,1660028312
1510377,Belyy Yar,53.6039,91.3903,26.94,36,0,3.0,RU,1660028313
6144312,Sept-Îles,50.2001,-66.3821,13.36,79,100,2.57,CA,1660028105
2873211,Marsberg,51.4617,8.8495,19.81,61,8,2.03,DE,1660028316
2092164,Lorengau,-2.0226,147.2712,28.48,73,19,3.82,PG,1660028317
2017155,Saskylakh,71.9167,114.0833,16.41,75,100,5.67,RU,1660028319
4273680,Junction City,39.0286,-96.8314,20.78,92,0,0.0,US,1660028062
1801582,Macheng,31.1783,115.0319,36.45,51,33,2.29,CN,1660028321
518418,Novoorsk,51.381,58.9813,28.36,41,4,5.38,RU,1660028322
3386213,Touros,-5.1989,-35.4608,22.33,91,53,4.41,BR,1660028324
1264976,Leh,34.1667,77.5833,22.12,36,77,3.27,IN,1660028325
2112309,Katsuura,35.1333,140.3,28.76,81,92,10.35,JP,1660028327
3392126,Pilar,-9.5972,-35.9567,21.96,87,100,0.7,BR,1660028328
2021343,Kultuk,51.7208,103.6956,21.77,48,100,2.04,RU,1660028329
3988392,Rosarito,32.3333,-117.0333,25.37,74,67,1.81,MX,1660028331
1253237,Verāval,20.9,70.3667,30.04,77,87,4.0,IN,1660028332
2025256,Chumikan,54.7183,135.315,12.01,94,100,4.91,RU,1660028334
2429344,Kyabé,9.4515,18.9449,24.2,89,100,1.25,TD,1660028335
161901,Kaka,37.3482,59.6143,34.1,13,0,2.93,TM,1660028336
1847947,Shingū,33.7333,135.9833,31.51,66,98,5.75,JP,1660028338
4941873,Leominster,42.5251,-71.7598,26.11,82,43,2.24,US,1660028306
6111862,Port Hardy,50.6996,-127.4199,12.0,93,0,0.0,CA,1660028340
3628473,San Cristobal,7.7669,-72.225,18.21,94,100,1.22,VE,1660028377
4021858,Guerrero Negro,27.9769,-114.0611,23.21,77,63,4.86,MX,1660028378
1805733,Jinchang,38.4953,102.1739,20.43,80,100,2.57,CN,1660028380
4033077,Vaitape,-16.5167,-151.75,24.78,65,100,6.49,PF,1660028381
2012530,Zhigansk,66.7697,123.3711,18.21,54,14,3.85,RU,1660028382
2392601,Natitingou,10.3042,1.3796,21.97,97,100,2.42,BJ,1660028384
3382160,Cayenne,4.9333,-52.3333,26.16,1,0,0.0,GF,1660028385
1278869,Ambāgarh Chauki,20.7833,80.7167,29.05,71,91,0.35,IN,1660028387
3839307,Rawson,-43.3002,-65.1023,4.76,72,21,6.23,AR,1660028389
6137462,Saint-Augustin,51.226,-58.6502,12.59,67,100,1.09,CA,1660028391
4032369,Pangai,-19.8,-174.35,26.06,94,20,4.12,TO,1660028392
778362,Øksfjord,70.2396,22.3479,12.1,75,100,3.45,NO,1660028393
2640377,Penzance,50.1186,-5.5371,17.62,77,0,6.69,GB,1660028395
64435,Berbera,10.4396,45.0143,34.62,35,50,12.9,SO,1660028399
3372964,Lagoa,39.05,-27.9833,22.69,78,5,4.27,PT,1660028400
2286304,Korhogo,9.45,-5.6333,20.91,87,91,1.89,CI,1660028402
3629710,Puerto Ayacucho,5.6639,-67.6236,23.03,96,95,1.77,VE,1660028406
3420768,Qasigiannguit,68.8193,-51.1922,2.51,99,100,3.84,GL,1660028408
3466704,Castro,-24.7911,-50.0119,13.48,98,100,3.2,BR,1660028410
2447513,Arlit,18.7369,7.3853,29.86,42,88,1.5,NE,1660028414
1640660,Gondanglegi,-7.7479,112.0132,30.65,55,19,7.08,ID,1660028416
86049,Jalu,29.0331,21.5482,29.36,49,0,2.73,LY,1660028418
2022572,Khatanga,71.9667,102.5,19.68,48,2,8.7,RU,1660028421
685506,Băluşeni,47.6667,26.8,24.19,58,48,3.02,RO,1660028423
1651810,Airai,-8.9266,125.4092,22.66,50,89,2.36,TL,1660028426
2141722,Bouloupari,-21.8667,166.05,19.95,69,37,2.58,NC,1660028427
3470164,Bela Vista de Goiás,-16.9728,-48.9533,17.81,68,58,1.22,BR,1660028429
1263494,Mormugao,15.4,73.8,26.62,83,100,10.36,IN,1660028431
3462022,Guaçuí,-20.7756,-41.6794,17.27,96,80,1.46,BR,1660028432
1813892,Xincheng,33.6333,115.1833,31.65,76,98,5.73,CN,1660028434
5109177,Binghamton,42.0987,-75.918,25.21,86,27,1.34,US,1660028303
1106643,Quatre Cocos,-20.2078,57.7625,24.06,70,14,7.3,MU,1660028437
2160735,Lakes Entrance,-37.8811,147.981,11.2,73,1,2.99,AU,1660028438
986717,Kruisfontein,-34.0033,24.7314,13.82,74,0,4.03,ZA,1660028440
5546220,Saint George,37.1041,-113.5841,32.57,35,14,2.68,US,1660028238
2014927,Tulun,54.5611,100.5792,23.7,44,69,1.57,RU,1660028443
1078446,Amparafaravola,-17.5833,48.2167,19.15,52,1,4.69,MG,1660028444
3388618,São João do Piauí,-8.3581,-42.2467,20.85,58,5,3.06,BR,1660028446
6255012,Flinders,-34.5833,150.8552,12.88,83,68,2.68,AU,1660028447
5364271,Laguna,38.421,-121.4238,22.4,66,0,3.6,US,1660028313
3935102,Mazamari,-11.3258,-74.5308,18.94,96,12,0.84,PE,1660028453
110690,Abhā,18.2164,42.5053,23.0,49,98,1.36,SA,1660028454
1626542,Sorong,-0.8833,131.25,28.16,72,100,1.88,ID,1660028455
3832899,Viedma,-40.8135,-62.9967,6.7,78,84,3.78,AR,1660028457
2035002,Shangzhi,45.2167,127.9667,24.6,52,0,7.38,CN,1660028458
1519422,Semey,50.4111,80.2275,26.12,38,40,4.0,KZ,1660028461
3382226,Camopi,3.1655,-52.3158,21.1,100,100,0.88,GF,1660028463
3929631,San Isidro,-12.1167,-77.05,15.56,87,42,1.26,PE,1660028465
1058381,Morondava,-20.2833,44.2833,24.68,59,0,2.11,MG,1660028467
3346821,Ondjiva,-17.0667,15.7333,18.58,24,0,2.89,AO,1660028468
2065176,Murray Bridge,-35.1167,139.2667,16.18,51,97,3.41,AU,1660028469
4193042,Effingham County,32.3669,-81.3332,23.97,96,14,2.21,US,1660028471
3372783,Ponta Delgada,37.7333,-25.6667,20.4,94,40,0.51,PT,1660028472
3838859,Río Gallegos,-51.6226,-69.2181,1.85,66,100,2.63,AR,1660028474
4417205,Bay Saint Louis,30.3088,-89.33,25.01,98,90,1.69,US,1660028477
2035261,Taihecun,45.8,130.85,26.23,38,44,6.17,CN,1660028479
4033375,Tevaitoa,-16.7833,-151.5,24.51,66,100,6.53,PF,1660028480
1213855,Sibolga,1.7427,98.7792,30.02,61,6,2.88,ID,1660028481
6145890,Shelburne,44.0787,-80.2041,16.06,98,100,5.44,CA,1660028418
1860335,Kamogatachō-kamogata,34.5333,133.5833,31.79,59,98,4.7,JP,1660028486
6690296,Saint-Joseph,-21.3667,55.6167,23.45,73,17,5.93,RE,1660028488
6148373,Sioux Lookout,50.1001,-91.917,18.04,82,0,3.6,CA,1660028243
6541341,Porto Empedocle,37.2934,13.5264,31.84,58,0,0.79,IT,1660028492
1791636,Weinan,34.5036,109.5089,38.42,43,95,3.9,CN,1660028494
1489853,Tazovsky,67.4667,78.7,13.12,74,68,6.26,RU,1660028495
547871,Kizema,61.113,44.8302,19.36,50,100,2.49,RU,1660028496
3440034,Tacuarembó,-31.7333,-55.9833,7.13,88,98,4.83,UY,1660028470
2016307,Solnechnyy,50.7214,136.6319,17.18,79,97,6.07,RU,1660028499
371745,Kutum,14.2,24.6667,24.08,62,100,2.31,SD,1660028501
556268,Ostrovnoy,68.0531,39.5131,13.77,62,64,3.74,RU,1660028502
2070998,Geraldton,-28.7667,114.6,14.23,72,75,8.23,AU,1660028503
3517970,Pochutla,15.7432,-96.4661,24.9,91,100,2.1,MX,1660028505
2123814,Leningradskiy,69.3833,178.4167,4.18,77,42,2.48,RU,1660028506
214614,Kamina,-8.7386,24.9906,24.82,25,0,3.42,CD,1660028508
2013727,Vanavara,60.34,102.2797,18.6,71,100,0.73,RU,1660028509
1814906,Chongqing,29.5628,106.5528,40.68,34,55,3.11,CN,1660028461
3671519,Puerto Carreño,6.189,-67.4859,25.0,90,100,1.23,CO,1660028512
2031964,Darhan,49.4867,105.9228,25.19,40,100,2.36,MN,1660028513
49747,Oddur,4.1213,43.8894,26.91,44,85,10.07,SO,1660028515
3649408,Altagracia de Orituco,9.8601,-66.3814,21.83,96,43,1.61,VE,1660028516
5563839,Fortuna,40.5982,-124.1573,13.88,92,0,1.54,US,1660028517
2084442,Vanimo,-2.6741,141.3028,28.15,69,63,2.43,PG,1660028520
4726206,San Antonio,29.4241,-98.4936,28.25,72,100,2.31,US,1660028366
3939168,Huarmey,-10.0681,-78.1522,16.28,85,53,2.34,PE,1660028523
149606,Tanga,-5.0667,39.1,25.55,64,91,4.67,TZ,1660028524
2122104,Petropavlovsk-Kamchatskiy,53.0452,158.6483,14.33,88,75,6.0,RU,1660028526
3092472,Malbork,54.0359,19.0266,20.47,61,100,2.44,PL,1660028388
3466165,Cidreira,-30.1811,-50.2056,14.8,88,100,7.27,BR,1660028529
1328421,Pathein,16.7833,94.7333,26.02,86,100,1.65,MM,1660028530
2755485,Goedereede,51.8175,3.9806,19.98,75,16,1.79,NL,1660028531
4228425,Vidalia,32.2177,-82.4135,23.06,94,0,0.0,US,1660028533
2643044,Margate,51.3813,1.3862,19.94,81,6,2.24,GB,1660028488
2121909,Poronaysk,49.2167,143.1167,23.0,62,0,4.29,RU,1660028536
1254054,Tuni,17.35,82.55,25.65,86,100,8.81,IN,1660028539
118704,Rāvar,31.2656,56.8055,35.94,14,0,2.71,IR,1660028540
5374920,Morro Bay,35.3658,-120.8499,20.78,84,1,1.87,US,1660028542
520552,Nizhniy Odes,63.6445,54.856,20.72,38,84,2.36,RU,1660028543
1262240,Nagari,13.3333,79.5833,31.94,44,100,9.45,IN,1660028545
2381972,Adrar,20.5022,-10.0711,34.42,8,98,8.11,MR,1660028546
2446796,Bilma,18.6853,12.9164,30.75,44,100,2.51,NE,1660028548
3629614,Punta Cardon,11.6581,-70.215,26.38,86,2,9.15,VE,1660028551
2409914,Bonthe,7.5264,-12.505,24.47,87,100,1.38,SL,1660028552
4466033,Fayetteville,35.0527,-78.8784,25.29,86,0,3.6,US,1660028553
1045114,Inhambane,-23.865,35.3833,23.28,60,5,3.6,MZ,1660028555
1719677,Camindangan,9.9184,122.6296,27.7,71,46,2.91,PH,1660028556
484314,Tarnogskiy Gorodok,60.4997,43.5761,19.24,53,100,2.18,RU,1660028558
3416888,Grindavik,63.8424,-22.4338,12.26,100,100,8.75,IS,1660028559
2122090,Pevek,69.7008,170.3133,8.36,63,100,5.02,RU,1660028560
2013921,Ust-Kuyga,70.0167,135.6,17.82,52,100,3.79,RU,1660028562
5882953,Aklavik,68.2191,-135.0107,11.98,77,10,3.0,CA,1660028563
107304,Buraidah,26.326,43.975,40.66,14,0,6.0,SA,1660028566
2034400,Tongliao,43.6125,122.2653,28.27,28,0,5.74,CN,1660028567
3430545,Morón,-34.6534,-58.6198,11.1,87,95,2.78,AR,1660028569
2138555,Poum,-20.2333,164.0167,21.65,60,0,9.13,NC,1660028570
1512218,Aban,56.67,96.06,25.53,38,48,0.99,RU,1660028571
2022083,Alekseyevsk,57.8406,108.3492,18.62,54,64,0.72,RU,1660028573
1280849,Kashgar,39.4547,75.9797,30.29,36,43,2.71,CN,1660028574
3400515,Fagundes,-7.355,-35.775,15.9,95,5,1.57,BR,1660028576
5334223,Carlsbad,33.1581,-117.3506,27.54,87,34,1.34,US,1660028420
2374583,Bubaque,11.2833,-15.8333,25.92,81,100,1.25,GW,1660028580
2026023,Bukachacha,52.9833,116.9167,19.61,40,64,6.46,RU,1660028581
1855540,Naze,28.3667,129.4833,28.34,67,100,4.12,JP,1660028583
3663495,Manoel Urbano,-8.8389,-69.2597,21.84,95,51,0.43,BR,1660028584
3421193,Paamiut,61.994,-49.6678,5.18,92,100,6.56,GL,1660028586
2063056,Port Augusta,-32.5,137.7667,19.11,27,100,5.66,AU,1660028587
1802618,Longhua,23.6137,114.1919,26.47,84,100,3.37,CN,1660028589
2639912,Preston,53.7667,-2.7167,17.4,94,100,2.06,GB,1660028514
1856392,Muroto-misakicho,33.2833,134.15,29.7,75,100,4.98,JP,1660028592
1498920,Mezhdurechensk,53.6942,88.0603,28.79,34,76,1.46,RU,1660028593
5877641,Wasilla,61.5814,-149.4394,11.15,94,100,2.57,US,1660028595
1214026,Sabang,5.8933,95.3214,28.3,75,100,8.79,ID,1660028596
2146219,Hervey Bay,-25.2986,152.8535,19.45,60,0,3.13,AU,1660028598
3141667,Roald,62.5833,6.1333,16.51,94,75,2.06,NO,1660028599
6096551,Pangnirtung,66.1451,-65.7125,5.44,83,99,0.28,CA,1660028601
3407327,Arapiraca,-9.7525,-36.6611,18.33,88,100,0.6,BR,1660028413
108410,Riyadh,24.6877,46.7219,40.78,16,22,7.4,SA,1660028507
3579925,St. George's,12.0564,-61.7485,26.96,83,78,5.93,GD,1660028521
2455558,Kati,12.7441,-8.0726,22.67,86,100,1.14,ML,1660028606
1851348,Suzuka,34.8833,136.5833,35.59,75,100,2.41,JP,1660028609
2618795,Klaksvík,62.2266,-6.589,12.51,98,100,9.79,FO,1660028610
1816751,Beidao,34.5686,105.8933,34.7,42,71,6.4,CN,1660028612
4003938,Jiménez,28.3333,-105.4,25.47,45,12,3.1,MX,1660028613
95788,Hīt,33.6416,42.8251,37.53,20,0,7.22,IQ,1660028615
2013918,Ust-Maya,60.4167,134.5333,12.93,94,100,2.41,RU,1660028616
2036892,Hohhot,40.8106,111.6522,28.23,41,0,2.12,CN,1660028618
1651103,Atambua,-9.1061,124.8925,27.53,57,61,1.26,ID,1660028619
8079926,Labuhan,-6.8844,112.2051,31.66,52,23,3.9,ID,1660028622
5554072,Juneau,58.3019,-134.4197,12.9,97,48,1.08,US,1660028425
484670,Taman',45.2117,36.7161,28.43,42,0,9.62,RU,1660028625
1267390,Kavaratti,10.5669,72.642,27.09,82,100,9.56,IN,1660028626
300617,Sivas Province,39.7916,37.0019,22.35,52,0,1.03,TR,1660028628
876177,Luau,-10.7073,22.2247,21.71,26,3,2.22,AO,1660028629
1575627,Long Xuyen,10.3833,105.4167,28.97,88,100,4.14,VN,1660028576
905846,Mpika,-11.8343,31.4529,18.04,47,1,4.52,ZM,1660028632
688533,Yalta,44.5,34.1667,28.9,39,0,10.34,UA,1660028633
1623197,Tual,-5.6667,132.75,25.42,81,100,6.0,ID,1660028634
3932145,Pisco,-13.7,-76.2167,13.03,88,75,1.03,PE,1660028636
4255151,Bud,39.447,-86.1758,24.01,98,79,1.95,US,1660028637
988290,Komatipoort,-25.4332,31.9548,20.98,54,92,4.83,ZA,1660028639
2039557,Khasan,42.4308,130.6434,24.17,68,100,5.07,RU,1660028640
358048,Damietta,31.4165,31.8133,27.93,59,0,0.75,EG,1660028642
1798760,Pingliang,35.5392,106.6861,32.74,44,74,6.16,CN,1660028643
6149374,Slave Lake,55.2834,-114.769,9.82,82,0,1.96,CA,1660028596
5571109,Lake Shasta,40.6804,-122.3708,25.4,39,4,1.66,US,1660028646
3563856,Colombia,20.9881,-77.4297,24.64,91,100,4.09,CU,1660028647
2194098,Ahipara,-35.1667,173.1667,11.75,89,11,3.21,NZ,1660028649
4993659,Garden City,42.3256,-83.331,20.97,82,100,4.12,US,1660028647
303750,Tall Kayf,37.0833,41.0667,31.66,33,0,2.06,TR,1660028652
1487332,Verkhnyaya Inta,65.9811,60.3094,19.25,45,84,6.74,RU,1660028653
3407882,Altamira,-3.2033,-52.2064,20.85,74,91,1.23,BR,1660028398
3893629,Coquimbo,-29.9533,-71.3436,8.85,81,0,2.06,CL,1660028656
3924679,Vilhena,-12.7406,-60.1458,18.79,97,68,1.21,BR,1660028657
2134814,Sola,-13.8833,167.55,27.13,71,14,1.14,VU,1660028658
2026160,Borogontsy,62.6683,131.1683,16.13,64,100,2.15,RU,1660028660
503581,Pyaozerskiy,65.8333,31.1667,15.62,58,66,1.58,RU,1660028661
1496153,Omsk,55.0,73.4,23.94,46,75,6.0,RU,1660028663
2022317,Khor,47.8861,134.9464,23.1,66,2,5.68,RU,1660028664
1687894,Santa Rosa,14.3122,121.1114,30.61,77,100,2.4,PH,1660028665
3991347,Puerto Peñasco,31.3167,-113.5333,31.06,77,2,2.93,MX,1660028667
1214488,Meulaboh,4.1363,96.1285,29.31,64,99,2.65,ID,1660028668
1516589,Zhezkazgan,47.8043,67.7144,22.99,46,40,7.0,KZ,1660028670
3013633,Arrondissement du Havre,49.5833,0.3333,18.44,77,0,4.63,FR,1660028671
1218612,Murgab,37.4966,61.9714,36.12,12,0,3.75,TM,1660028672
2063042,Port Hedland,-20.3167,118.5667,31.03,12,23,5.14,AU,1660028559
3521108,Progreso,21.2833,-89.6667,23.39,87,14,3.05,MX,1660028675
485660,Tsimmerbude,54.675,20.1347,19.03,61,13,1.72,RU,1660028676
315621,Emirdağ,39.0197,31.15,23.03,55,98,2.09,TR,1660028678
3140573,Sagvåg,59.7786,5.3961,15.79,79,100,2.32,NO,1660028679
4668271,Wilson,36.1501,-86.2833,25.17,87,75,3.6,US,1660028682
4033557,Tautira,-17.7333,-149.15,23.67,63,100,2.86,PF,1660028683
1788852,Xining,36.6167,101.7667,26.56,52,74,5.06,CN,1660028684
203717,Yangambi,0.8102,24.4336,27.26,62,13,1.09,CD,1660028686
1688696,San Policarpo,12.1791,125.5072,29.13,72,100,1.82,PH,1660028687
602150,Umeå,63.8284,20.2597,16.06,72,0,3.6,SE,1660028688
2391895,Savalou,7.9281,1.9756,22.27,84,100,2.75,BJ,1660028690
2161515,Kiama,-34.6833,150.8667,13.33,88,81,1.34,AU,1660028691
2013442,Vershino-Darasunskiy,52.35,115.5167,19.28,36,65,7.21,RU,1660028692
1528998,Yumen,40.2833,97.2,28.87,41,92,9.28,CN,1660028694
2715656,Fagersta,60.0042,15.7932,17.25,60,66,1.39,SE,1660028695
550902,Kez,57.8979,53.7152,27.38,48,100,1.08,RU,1660028697
1501365,Kupino,54.3663,77.2981,25.11,46,7,5.19,RU,1660028702
3445026,Vila Velha,-20.3297,-40.2925,22.19,90,0,1.03,BR,1660028704
5735238,Klamath Falls,42.2249,-121.7817,18.95,68,75,2.57,US,1660028558
3694178,Pacasmayo,-7.4006,-79.5714,15.77,91,77,3.26,PE,1660028706
236524,Rafai,4.95,23.9167,24.08,84,100,1.1,CF,1660028708
527321,Mezen',65.8522,44.24,17.13,53,11,1.39,RU,1660028709
1630639,Pringsewu,-5.3582,104.9744,31.0,57,42,1.17,ID,1660028711
1629974,Rantepao,-2.9701,119.8978,23.1,95,100,1.19,ID,1660028712
336454,Ginir,7.1333,40.7,18.42,59,76,5.99,ET,1660028714
1494941,Pirovskoye,57.6267,92.2658,24.85,42,61,2.2,RU,1660028716
553287,Kamyshin,50.0983,45.416,30.24,31,1,4.75,RU,1660028718
217637,Businga,3.3333,20.8833,26.15,76,68,0.74,CD,1660028720
333103,Kibre Mengist,5.8833,38.9833,14.92,77,100,2.75,ET,1660028721
1861084,Izumo,35.3667,132.7667,29.95,72,99,5.69,JP,1660028723
3137469,Sørland,67.667,12.6934,11.92,86,100,7.25,NO,1660028724
506232,Porosozero,62.7191,32.727,17.87,46,6,1.57,RU,1660028726
2022773,Khandyga,62.6667,135.6,21.59,54,98,2.3,RU,1660028727
520204,Nizhnyaya Tura,58.6293,59.8118,27.86,47,15,1.37,RU,1660028728
2779154,Fügen,47.35,11.85,21.94,74,1,0.97,AT,1660028730
5983607,Inuvik,68.3499,-133.7218,12.75,77,88,1.51,CA,1660028731
3336897,La Rioja,42.25,-2.5,15.88,61,0,0.94,ES,1660028733
2126682,Bilibino,68.0546,166.4372,19.0,38,100,1.5,RU,1660028734
2032201,Bulgan,48.8125,103.5347,22.47,55,98,0.84,MN,1660028736
2738381,Lata,40.1629,-8.3327,17.89,79,0,0.36,PT,1660028737
2666670,Uddevalla,58.3478,11.9424,18.33,82,100,1.94,SE,1660028739
2020584,Magistral'nyy,56.1725,107.4458,16.27,56,96,2.5,RU,1660028741
1337619,Ugoofaaru,5.6667,73.0,27.37,81,100,6.78,MV,1660028742
1701054,Marawi,7.9986,124.2928,24.92,81,61,3.17,PH,1660028743
359783,Assiut,27.181,31.1837,34.85,25,0,4.84,EG,1660028745
2520493,Calvià,39.5657,2.5062,29.95,60,5,2.01,ES,1660028746
1516048,Khovd,48.0056,91.6419,24.52,34,19,1.25,MN,1660028748
330120,NEDJO,9.5046,35.5019,17.96,87,95,2.33,ET,1660028749
2818067,Uetersen,53.6833,9.6667,18.04,85,0,2.06,DE,1660028751
1056899,Sambava,-14.2667,50.1667,23.84,67,96,7.12,MG,1660028752
5380437,Pacific Grove,36.6177,-121.9166,18.01,88,0,3.09,US,1660028753
342711,Barentu,15.1139,37.5928,23.01,74,92,2.63,ER,1660028755
2173125,Burnie,-41.0667,145.9167,11.62,76,5,1.73,AU,1660028756
1540475,Turtas,58.9417,69.1325,28.35,41,0,1.27,RU,1660028758
3100637,Darłowo,54.421,16.4107,18.5,63,5,1.8,PL,1660028759
2139521,Noumea,-22.2763,166.4572,18.99,59,64,3.7,NC,1660028761
3440777,Rocha,-34.4833,-54.3333,7.14,91,100,2.23,UY,1660028486
1804874,Kaihua,23.3687,104.28,25.6,68,30,2.42,CN,1660028763
2511150,Santa Lucía,27.9117,-15.5407,17.62,78,75,11.32,ES,1660028535
2019951,Mirny,62.5353,113.9611,20.13,52,100,3.13,RU,1660028547
212902,Kindu,-2.95,25.95,29.22,28,47,0.77,CD,1660028768
1180397,Daulatpur,26.5015,67.9706,36.49,48,100,4.46,PK,1660028504
7671223,Kloulklubed,7.0419,134.2556,28.28,72,100,3.93,PW,1660028771
1282027,Malé,4.1748,73.5089,27.45,80,27,6.39,MV,1660028772
3662761,Porto Walter,-8.2686,-72.7439,21.92,95,15,0.42,BR,1660028774
2122783,Nogliki,51.8333,143.1667,20.35,71,7,1.85,RU,1660028776
3006387,Semme,46.1963,1.5007,21.23,41,15,2.53,FR,1660028777
2514651,Los Llanos de Aridane,28.6585,-17.9182,19.86,78,75,5.14,ES,1660028779
1795632,Shenjiamen,29.9576,122.298,28.86,81,20,8.86,CN,1660028780
704608,Kivsharivka,49.6213,37.7036,29.84,27,15,2.7,UA,1660028782
463355,Zheleznodorozhnyy,55.7503,38.0042,17.34,89,100,2.62,RU,1660028783
5134295,Rome,43.2128,-75.4557,26.16,93,100,2.06,US,1660028785
2079582,Alyangula,-13.8483,136.4192,25.36,60,10,5.44,AU,1660028786
3394372,Morros,-9.4467,-46.3003,19.93,50,7,2.05,BR,1660028788
1521153,Mamlyutka,54.9375,68.5394,26.01,45,18,5.42,KZ,1660028789
6942800,Kedgwick,47.6446,-67.3434,11.99,98,100,3.87,CA,1660028791
5423294,Golden,39.7555,-105.2211,23.08,59,0,1.34,US,1660028793
3347019,Mossamedes,-15.1961,12.1522,18.06,88,98,0.15,AO,1660028794
1648636,Bitung,1.4451,125.1824,31.47,71,75,2.36,ID,1660028796
286621,Salalah,17.0151,54.0924,24.05,100,100,3.6,OM,1660028798
2318123,Yenagoa,4.9247,6.2642,24.46,90,100,1.87,NG,1660028799
3393536,Olinda,-8.0089,-34.8553,21.85,88,40,2.06,BR,1660028607
1337612,Dhidhdhoo,6.8833,73.1,27.35,83,100,6.41,MV,1660028802
3361934,Saldanha,-33.0117,17.9442,14.11,80,8,2.53,ZA,1660028803
1163724,Taunsa,30.7048,70.6505,38.81,35,74,3.01,PK,1660028805
4328010,Houma,29.5958,-90.7195,25.56,93,0,1.54,US,1660028807
1272596,Digras,20.1167,77.7167,25.43,87,100,6.16,IN,1660028783
2062276,Roebourne,-20.7833,117.1333,27.0,22,100,6.22,AU,1660028810
3430443,Necochea,-38.5473,-58.7368,7.91,59,100,2.3,AR,1660028811
5767918,Pierre,44.3683,-100.351,21.59,62,0,4.63,US,1660028813
2025241,Churapcha,62.0025,132.4325,15.42,65,100,0.16,RU,1660028814
3920736,Chimoré,-16.9833,-65.1333,16.79,99,100,1.73,BO,1660028816
1624725,Tarakan,3.3,117.6333,27.72,74,40,1.03,ID,1660028817
1504636,Karabash,55.4808,60.2157,25.11,51,5,3.0,RU,1660028819
2181625,Te Anau,-45.4167,167.7167,-0.62,86,6,0.24,NZ,1660028820
3608828,Iralaya,15.0,-83.2333,26.28,87,100,3.5,HN,1660028822
6180550,Whitehorse,60.7161,-135.0538,10.57,91,90,2.97,CA,1660028823
584087,Afrikanda,67.4429,32.7828,12.72,66,98,2.12,RU,1660028825
515879,Oktyabr'skiy,54.4815,53.471,27.52,51,94,2.48,RU,1660028827
315498,Heraclea,37.5133,34.0467,27.61,29,0,2.34,TR,1660028828
601551,Akdepe,42.0551,59.3788,32.99,18,0,6.41,TM,1660028830
3984997,San Quintín,30.4833,-115.95,22.49,78,6,2.9,MX,1660028831
2063036,Port Lincoln,-34.7333,135.8667,13.97,64,100,7.61,AU,1660028589
2347758,Bara,10.3744,10.7288,24.09,89,75,2.59,NG,1660028639
4954611,Watertown,42.3709,-71.1828,27.43,80,20,5.14,US,1660028708
1525376,Bestöbe,52.4994,73.0975,18.4,78,100,3.47,KZ,1660028838
3449427,Santos Dumont,-21.4567,-43.5525,13.95,98,80,1.2,BR,1660028675
1636308,Manokwari,-0.8667,134.0833,25.19,83,100,0.87,ID,1660028841
3395981,Maceió,-9.6658,-35.7353,22.69,94,75,2.06,BR,1660028814
1026014,Tete,-16.1564,33.5867,25.56,32,0,0.37,MZ,1660028845
2090021,Namatanai,-3.6667,152.4333,27.88,72,69,2.31,PG,1660028846
2024449,Elban,50.1018,136.5094,19.32,81,56,6.27,RU,1660028848
2214827,Mizdah,31.4451,12.9801,25.56,47,0,0.53,LY,1660028849
472887,Vokhma,58.9303,46.7586,21.16,69,100,1.89,RU,1660028850
5861897,Fairbanks,64.8378,-147.7164,7.56,87,100,5.66,US,1660028852
2629833,Husavik,66.0449,-17.3389,11.9,76,100,7.82,IS,1660028853
5954718,Flin Flon,54.7682,-101.865,13.79,84,93,6.45,CA,1660028855
1623424,Tondano,1.3038,124.9112,27.05,80,81,1.09,ID,1660028856
5110365,Broome,42.2506,-75.833,25.21,83,75,4.12,US,1660028857
2038067,Chifeng,42.2683,118.9636,30.43,20,0,3.26,CN,1660028859
4034438,Haapiti,-17.5667,-149.8667,22.85,61,84,4.64,PF,1660028860
140463,Birjand,32.8663,59.2211,33.62,16,0,9.32,IR,1660028863
2295840,Prestea,5.4327,-2.1428,22.23,91,100,1.24,GH,1660028864
3678415,La Merced,5.4019,-75.8847,13.28,97,80,0.23,CO,1660028865
3547867,Manzanillo,20.3433,-77.1167,24.56,86,100,1.95,CU,1660028867
625721,Lyuban',52.7985,28.0048,18.31,67,100,3.59,BY,1660028868
6160603,Swift Current,50.2834,-107.8014,17.76,44,6,4.54,CA,1660028869
4362001,Mayo,38.8876,-76.5119,27.88,88,0,1.34,US,1660028871
2132606,Samarai,-10.6167,150.6667,26.74,78,68,6.8,PG,1660028872
521870,Nikolayevskaya,47.6139,41.5023,32.94,19,0,4.79,RU,1660028874
3945985,Camaná,-16.6228,-72.7111,15.33,85,6,4.63,PE,1660028875
1492607,Severnoye,56.3491,78.3619,24.21,49,7,5.45,RU,1660028876
3948613,Acarí,-15.4311,-74.6158,17.21,69,57,1.69,PE,1660028879
3595224,Jerez,14.1,-89.75,18.27,96,100,1.49,GT,1660028880
5955902,Fort Nelson,58.8053,-122.7002,11.55,64,69,1.9,CA,1660028882
2077895,Alice Springs,-23.7,133.8833,25.75,9,5,5.14,AU,1660028883
3446621,Teófilo Otoni,-17.8575,-41.5053,16.79,93,5,0.78,BR,1660028884
1633419,Padang,-0.9492,100.3543,30.03,79,66,2.4,ID,1660028887
1261008,Ottappālam,10.7667,76.3833,29.47,84,100,4.63,IN,1660028888
2294915,Takoradze,4.8845,-1.7554,23.3,85,100,3.2,GH,1660028890
1295765,Sittwe,20.15,92.9,26.61,86,100,7.3,MM,1660028891
3625929,Tucupita,9.0622,-62.051,22.82,99,69,1.0,VE,1660028893
359792,Aswān,24.0934,32.907,37.15,19,4,6.94,EG,1660028895
553766,Kamenka,51.3223,42.7678,29.35,29,6,2.2,RU,1660028896
1524296,Esil,51.9556,66.4042,24.11,40,17,8.17,KZ,1660028897
1529651,Altay,47.8667,88.1167,30.38,26,82,5.16,CN,1660028899
